# PGS Catalog GRCh37 harmonization snapshot (2022-09-23); see NOTICE.md.
rsid	hm_source	hm_rsid	hm_chr	hm_pos
rs78540526	ENSEMBL	rs78540526	11	69331418
rs75915166	ENSEMBL	rs75915166	11	69379161
rs554219	ENSEMBL	rs554219	11	69331642
rs7726159	ENSEMBL	rs7726159	5	1282319
rs10069690	ENSEMBL	rs10069690	5	1279790
rs2736108	ENSEMBL	rs2736108	5	1297488
rs2588809	ENSEMBL	rs2588809	14	68660428
rs999737	ENSEMBL	rs999737	14	69034682
rs10759243	ENSEMBL	rs10759243	9	110306115
rs865686	ENSEMBL	rs865686	9	110888478
rs2981579	ENSEMBL	rs2981579	10	123337335
rs11199914	ENSEMBL	rs11199914	10	123093901
rs7072776	ENSEMBL	rs7072776	10	22032942
rs11814448	ENSEMBL	rs11814448	10	22315843
rs13387042	ENSEMBL	rs13387042	2	217905832
rs16857609	ENSEMBL	rs16857609	2	218296508
rs11552449	ENSEMBL	rs11552449	1	114448389
rs11249433	ENSEMBL	rs11249433	1	121280613
rs1045485	ENSEMBL	rs1045485	2	202149589
rs4973768	ENSEMBL	rs4973768	3	27416013
rs10941679	ENSEMBL	rs10941679	5	44706498
rs889312	ENSEMBL	rs889312	5	56031884
rs12662670	ENSEMBL	rs12662670	6	151918856
rs2046210	ENSEMBL	rs2046210	6	151948366
rs13281615	ENSEMBL	rs13281615	8	128355618
rs1011970	ENSEMBL	rs1011970	9	22062134
rs2380205	ENSEMBL	rs2380205	10	5886734
rs10995190	ENSEMBL	rs10995190	10	64278682
rs704010	ENSEMBL	rs704010	10	80841148
rs3817198	ENSEMBL	rs3817198	11	1909006
rs10771399	ENSEMBL	rs10771399	12	28155080
rs1292011	ENSEMBL	rs1292011	12	115836522
rs3803662	ENSEMBL	rs3803662	16	52586341
rs6504950	ENSEMBL	rs6504950	17	53056471
rs8170	ENSEMBL	rs8170	19	17389704
rs2363956	ENSEMBL	rs2363956	19	17394124
rs2823093	ENSEMBL	rs2823093	21	16520832
rs17879961	ENSEMBL	rs17879961	22	29121087
rs616488	ENSEMBL	rs616488	1	10566215
rs4849887	ENSEMBL	rs4849887	2	121245122
rs2016394	ENSEMBL	rs2016394	2	172972971
rs1550623	ENSEMBL	rs1550623	2	174212894
rs6762644	ENSEMBL	rs6762644	3	4742276
rs12493607	ENSEMBL	rs12493607	3	30682939
rs9790517	ENSEMBL	rs9790517	4	106084778
rs6828523	ENSEMBL	rs6828523	4	175846426
rs10472076	ENSEMBL	rs10472076	5	58184061
rs1353747	ENSEMBL	rs1353747	5	58337481
rs1432679	ENSEMBL	rs1432679	5	158244083
rs11242675	ENSEMBL	rs11242675	6	1318878
rs204247	ENSEMBL	rs204247	6	13722523
rs17529111	ENSEMBL	rs17529111	6	82128386
rs720475	ENSEMBL	rs720475	7	144074929
rs9693444	ENSEMBL	rs9693444	8	29509616
rs6472903	ENSEMBL	rs6472903	8	76230301
rs2943559	ENSEMBL	rs2943559	8	76417937
rs11780156	ENSEMBL	rs11780156	8	129194641
rs7904519	ENSEMBL	rs7904519	10	114773927
rs3903072	ENSEMBL	rs3903072	11	65583066
rs11820646	ENSEMBL	rs11820646	11	129461171
rs12422552	ENSEMBL	rs12422552	12	14413931
rs17356907	ENSEMBL	rs17356907	12	96027759
rs11571833	ENSEMBL	rs11571833	13	32972626
rs2236007	ENSEMBL	rs2236007	14	37132769
rs941764	ENSEMBL	rs941764	14	91841069
rs17817449	ENSEMBL	rs17817449	16	53813367
rs13329835	ENSEMBL	rs13329835	16	80650805
rs527616	ENSEMBL	rs527616	18	24337424
rs1436904	ENSEMBL	rs1436904	18	24570667
rs4808801	ENSEMBL	rs4808801	19	18571141
rs3760982	ENSEMBL	rs3760982	19	44286513
rs132390	ENSEMBL	rs132390	22	29621477
rs6001930	ENSEMBL	rs6001930	22	40876234
rs4245739	ENSEMBL	rs4245739	1	204518842
rs6678914	ENSEMBL	rs6678914	1	202187176
rs12710696	ENSEMBL	rs12710696	2	19320803
rs11075995	ENSEMBL	rs11075995	16	53855291
